date,flow_name,net_buy_100m_cny,buy_100m_cny,sell_100m_cny
2026-05-08,北向资金,,,
2026-05-11,北向资金,,,
2026-05-12,北向资金,,,
2026-05-13,北向资金,,,
2026-05-14,北向资金,,,
2026-05-15,北向资金,,,
2026-05-18,北向资金,,,
2026-05-19,北向资金,,,
2026-05-20,北向资金,,,
2026-05-21,北向资金,,,
2026-05-22,北向资金,,,
2026-05-26,北向资金,,,
2026-05-27,北向资金,,,
2026-05-28,北向资金,,,
2026-05-29,北向资金,,,
2026-06-01,北向资金,,,
2026-06-02,北向资金,,,
2026-06-03,北向资金,,,
2026-06-04,北向资金,,,
2026-06-05,北向资金,,,
2026-06-08,北向资金,,,
2026-06-09,北向资金,,,
2026-06-10,北向资金,,,
2026-06-11,北向资金,,,
2026-06-12,北向资金,,,
2026-06-15,北向资金,,,
2026-06-16,北向资金,,,
2026-06-17,北向资金,,,
2026-06-18,北向资金,,,
2026-06-22,北向资金,,,
2026-06-23,北向资金,,,
2026-06-24,北向资金,,,
2026-06-25,北向资金,,,
2026-06-26,北向资金,,,
2026-06-29,北向资金,,,
2026-06-30,北向资金,,,
2026-07-02,北向资金,,,
2026-07-03,北向资金,,,
2026-07-06,北向资金,,,
2026-07-07,北向资金,,,
2026-07-08,北向资金,,,
2026-07-09,北向资金,,,
2026-07-10,北向资金,,,
2026-07-13,北向资金,,,
2026-07-14,北向资金,,,
2026-07-15,北向资金,,,
2026-07-16,北向资金,,,
2026-07-17,北向资金,,,
2026-07-20,北向资金,,,
2026-07-21,北向资金,,,
2026-07-22,北向资金,,,
2026-07-23,北向资金,,,
2026-07-24,北向资金,,,
2026-07-27,北向资金,,,
2026-07-28,北向资金,,,
2026-07-29,北向资金,,,
2026-07-30,北向资金,,,
2026-07-31,北向资金,,,
2026-08-03,北向资金,,,
2026-08-04,北向资金,,,
2026-08-05,北向资金,,,
2026-08-06,北向资金,,,
2026-08-07,北向资金,,,
2026-08-10,北向资金,,,
2026-08-11,北向资金,,,
2026-08-12,北向资金,,,
2026-08-13,北向资金,,,
2026-08-14,北向资金,,,
2026-08-17,北向资金,,,
2026-08-18,北向资金,,,
2026-08-19,北向资金,,,
2026-08-20,北向资金,,,
2026-08-21,北向资金,,,
2026-08-24,北向资金,,,
2026-08-25,北向资金,,,
2026-08-26,北向资金,,,
2026-08-27,北向资金,,,
2026-08-28,北向资金,,,
2026-08-31,北向资金,,,
2026-09-01,北向资金,,,
2026-09-02,北向资金,,,
2026-09-03,北向资金,,,
2026-09-04,北向资金,,,
2026-09-07,北向资金,,,
2026-09-08,北向资金,,,
2026-09-09,北向资金,,,
2026-09-10,北向资金,,,
2026-09-11,北向资金,,,
2026-09-14,北向资金,,,
2026-09-15,北向资金,,,
2026-09-16,北向资金,,,
2026-09-17,北向资金,,,
2026-09-18,北向资金,,,
2026-09-21,北向资金,,,
2026-09-22,北向资金,,,
2026-09-23,北向资金,,,
2026-09-24,北向资金,,,
2026-09-28,北向资金,,,
2026-09-29,北向资金,,,
2026-09-30,北向资金,,,
