flow_name,month,month_start,month_end,net_buy_100m_cny,buy_100m_cny,sell_100m_cny,trading_days,positive_days,negative_days,net_buy_rolling_3m_100m_cny,net_buy_rolling_6m_100m_cny,net_buy_rolling_12m_100m_cny
南向资金,2021-10,2021-10-08,2021-10-29,97.81549999999999,2046.8220000000001,1949.0065,14,10,4,97.81549999999999,97.81549999999999,97.81549999999999
南向资金,2021-11,2021-11-01,2021-11-30,-47.60029999999999,2924.0691999999995,2971.6695000000004,22,11,11,50.215199999999996,50.215199999999996,50.215199999999996
南向资金,2021-12,2021-12-01,2021-12-28,498.6598,2983.1945,2484.5346999999997,19,18,1,548.875,548.875,548.875
南向资金,2022-01,2022-01-04,2022-01-26,438.2501,2895.4246000000003,2457.1745,17,16,1,889.3096,987.1251,987.1251
南向资金,2022-02,2022-02-07,2022-02-28,45.932199999999995,2458.5839,2412.6517,16,9,7,982.8421,1033.0573,1033.0573
南向资金,2022-03,2022-03-01,2022-03-30,488.80379999999997,4884.2302,4395.4264,22,16,6,972.9860999999999,1521.8611,1521.8611
南向资金,2022-04,2022-04-06,2022-04-27,105.27789999999996,1912.6208,1807.3428999999999,14,10,4,640.0138999999999,1529.3235,1627.139
南向资金,2022-05,2022-05-05,2022-05-31,464.1729,2638.352,2174.1791000000003,18,16,2,1058.2546,2041.0966999999998,2091.3118999999997
南向资金,2022-06,2022-06-01,2022-06-30,533.8810000000001,4193.2147,3659.3337,21,20,1,1103.3318,2076.3179,2625.1929
南向资金,2022-07,2022-07-04,2022-07-29,20.15450000000002,2463.3825,2443.2279999999996,20,13,7,1018.2084000000001,1658.2223000000001,2645.3474
南向资金,2022-08,2022-08-01,2022-08-31,83.99710000000002,2418.0235000000002,2334.0264,23,14,9,638.0326000000001,1696.2872000000002,2729.3445
南向资金,2022-09,2022-09-01,2022-09-28,348.96129999999994,2149.9739999999997,1801.0127000000002,19,15,4,453.11289999999997,1556.4447,3078.3058
南向资金,2022-10,2022-10-10,2022-10-31,737.5438999999999,2521.8869999999997,1784.3431,16,16,0,1170.5022999999999,2188.7107,3718.0341999999996
南向资金,2022-11,2022-11-01,2022-11-30,501.64789999999994,5116.438700000001,4614.7908,22,14,8,1588.1530999999998,2226.1857,4267.2824
南向资金,2022-12,2022-12-01,2022-12-30,94.1864,4460.7847,4366.5983,20,12,8,1333.3781999999999,1786.4910999999997,3862.8089999999997
南向资金,2023-01,2023-01-03,2023-01-31,2.9788999999999817,3061.1869,3058.2080000000005,14,7,7,598.8131999999999,1769.3154999999997,3427.5378
南向资金,2023-02,2023-02-01,2023-02-28,82.26509999999999,3483.0417,3400.7766,20,10,10,179.43039999999996,1767.5834999999997,3463.8707
南向资金,2023-03,2023-03-01,2023-03-31,671.3774000000001,4523.9251,3852.5477,23,22,1,756.6214,2089.9995999999996,3646.4442999999997
南向资金,2023-04,2023-04-03,2023-04-28,312.76680000000005,3063.8858,2751.119,17,15,2,1066.4093,1665.2225,3853.9332
南向资金,2023-05,2023-05-04,2023-05-31,224.60539999999995,2772.5405,2547.9351000000006,19,11,8,1208.7495999999999,1388.1799999999998,3614.3657
南向资金,2023-06,2023-06-01,2023-06-30,-58.47729999999996,2818.372500000001,2876.8498,20,10,10,478.8948999999999,1235.5163000000002,3022.0074
南向资金,2023-07,2023-07-03,2023-07-31,158.00189999999992,2971.9775999999993,2813.9757000000004,20,9,11,324.12999999999977,1390.5393,3159.8547999999996
南向资金,2023-08,2023-08-01,2023-08-31,755.2965999999998,3706.9586,2951.6620000000003,23,19,4,854.8211999999996,2063.5707999999995,3831.1542999999992
南向资金,2023-09,2023-09-04,2023-09-28,544.6302000000001,2893.917,2349.2868,18,15,3,1457.9286999999997,1936.8236,4026.8232
南向资金,2023-10,2023-10-09,2023-10-31,231.5542,2131.4172,1899.8629999999998,16,13,3,1531.4809999999998,1855.6109999999999,3520.8334999999997
南向资金,2023-11,2023-11-01,2023-11-30,184.48620000000003,3303.5395000000003,3119.0533,22,14,8,960.6705999999999,1815.4918,3203.6718
南向资金,2023-12,2023-12-01,2023-12-29,78.9297,2788.3373,2709.4076,19,11,8,494.9700999999999,1952.8987999999997,3188.4151
南向资金,2024-01,2024-01-02,2024-01-31,226.66639999999998,3035.9896999999996,2809.323299999999,22,15,7,490.08229999999986,2021.5633,3412.1025999999997
南向资金,2024-02,2024-02-01,2024-02-29,245.25870000000003,2356.6872,2111.4285,15,12,3,550.8547999999998,1511.5254,3575.0962
南向资金,2024-03,2024-03-01,2024-03-28,859.4893000000001,4103.6673,3244.1780000000003,20,19,1,1331.4144000000001,1826.3845000000001,3763.2081
南向资金,2024-04,2024-04-02,2024-04-30,803.6023,4024.2212,3220.6189,19,19,0,1908.3503,2398.4326,4254.0436
南向资金,2024-05,2024-05-06,2024-05-31,702.886,5642.4625,4939.5765,19,17,2,2365.9776,2916.8324000000002,4732.3242
南向资金,2024-06,2024-06-03,2024-06-28,876.4644000000001,4096.897,3220.4326,19,18,1,2382.9527,3714.3671000000004,5667.2659
南向资金,2024-07,2024-07-02,2024-07-31,479.46080000000006,3942.457,3462.9962000000005,22,18,4,2058.8112,3967.1615,5988.7248
南向资金,2024-08,2024-08-01,2024-08-30,418.75540000000007,3321.7564000000007,2903.001,22,15,7,1774.6806000000001,4140.658200000001,5652.1836
南向资金,2024-09,2024-09-02,2024-09-30,423.2623,5477.0631,5053.8008,17,11,6,1321.4785,3704.4312,5530.8157
南向资金,2024-10,2024-10-08,2024-10-31,838.1505999999999,9048.552599999999,8210.402,17,12,5,1680.1682999999998,3738.9795000000004,6137.4121000000005
南向资金,2024-11,2024-11-01,2024-11-29,1250.2035,8050.4785,6800.275,21,19,2,2511.6164,4286.2970000000005,7203.1294
南向资金,2024-12,2024-12-02,2024-12-31,954.4937000000001,7084.8945,6130.400799999999,20,16,4,3042.8478,4364.326300000001,8078.693400000001
南向资金,2025-01,2025-01-02,2025-01-27,1255.9220999999998,6191.009800000001,4935.0877,18,17,1,3460.6192999999994,5140.7876,9107.9491
南向资金,2025-02,2025-02-04,2025-02-28,1527.7777999999998,13883.6856,12355.9078,19,14,4,3738.1935999999996,6249.8099999999995,10390.4682
南向资金,2025-03,2025-03-03,2025-03-31,1602.8246,13428.370099999998,11825.5455,21,17,4,4386.5244999999995,7429.372299999999,11133.8035
南向资金,2025-04,2025-04-01,2025-04-30,1666.7231,12266.485300000002,10599.762200000001,19,15,4,4797.325499999999,8257.9448,11996.9243
南向资金,2025-05,2025-05-06,2025-05-30,456.1710999999999,9203.6843,8747.513200000001,19,13,6,3725.718799999999,7463.9124,11750.2094
南向资金,2025-06,2025-06-03,2025-06-30,802.5117,12484.9229,11682.411200000002,20,20,0,2925.4058999999993,7311.9304,11676.256699999998
南向资金,2025-07,2025-07-02,2025-07-31,1356.4847999999997,16564.3963,15207.9115,22,20,2,2615.167599999999,7412.493099999999,12553.2807
南向资金,2025-08,2025-08-01,2025-08-29,1121.561,16851.5353,15729.9743,21,16,5,3280.557499999999,7006.2762999999995,13256.086299999999
南向资金,2025-09,2025-09-01,2025-09-30,1885.1751000000004,18314.7454,16429.570300000003,22,19,3,4363.220899999999,7288.6268,14717.999099999999
南向资金,2025-10,2025-10-09,2025-10-31,925.0210000000002,12016.6846,11091.663600000002,16,13,3,3931.7571,6546.9247000000005,14804.8695
南向资金,2025-11,2025-11-03,2025-11-28,1218.9452,10401.2875,9182.3423,20,18,2,4029.1413000000002,7309.6988,14773.6112
南向资金,2025-12,2025-12-01,2025-12-31,229.31880000000012,8893.685899999999,8664.3671,21,16,5,2373.285,6736.5059,14048.4363
南向资金,2026-01,2026-01-05,2026-01-30,689.7058999999999,12470.3007,11780.594799999999,20,14,6,2137.9698999999996,6069.727000000001,13482.2201
南向资金,2026-02,2026-02-02,2026-02-27,905.7481,7740.0050999999985,6834.2570000000005,14,11,3,1824.7727999999993,5853.914100000001,12860.190400000001
南向资金,2026-03,2026-03-02,2026-03-31,613.9990999999999,15193.760799999998,14579.7617,22,12,10,2209.4530999999993,4582.7381000000005,11871.3649
南向资金,2026-04,2026-04-01,2026-04-30,565.3988999999998,10532.3111,9966.9122,19,12,7,2085.146099999999,4223.116,10770.0407
南向资金,2026-05,2026-05-06,2026-05-29,-35.537799999999635,11343.7678,11379.3056,17,8,9,1143.8601999999992,2968.633,10278.3318
南向资金,2026-06,2026-06-01,2026-06-30,271.11359999999996,13787.2793,13516.1657,21,10,11,800.9746999999994,3010.4278,9746.933700000001
南向资金,2026-07,2026-07-02,2026-07-31,628.6886,14528.093099999998,13899.404500000002,22,11,11,864.2643999999996,2949.4105,9019.1375
南向资金,2026-08,2026-08-03,2026-08-31,103.79439999999985,11313.827399999998,11210.033,21,11,10,1003.5965999999991,2147.4568,8001.370900000001
南向资金,2026-09,2026-09-01,2026-09-30,607.7552000000001,9170.6319,8562.8767,21,19,2,1340.2381999999993,2141.2129,6723.951000000001
